iso3,pays,annee,credit_prive_pib,pib_croissance,pib_par_habitant_croissance,inflation_ipc,masse_monetaire_m2_pib,recettes_fiscales_pib,dette_publique_pib,ouverture_commerciale,ide_pib,population_totale,urbanisation,croissance_population,agences_bancaires_100k,atm_100k
BEN,Bénin,2000,7.76142973832025,5.85771420543269,2.65043149973154,4.16540442290282,19.1893080035169,,,47.3481515012844,-0.363490759310418,7221619.0,38.2759517258875,3.07665265205002,,
BEN,Bénin,2001,7.18165543382767,5.33313570603937,2.16452439056758,3.98429547767893,17.9977975020232,,,48.2571706392197,0.456588183737808,7445596.0,38.6186257669218,3.05435506649292,,
BEN,Bénin,2002,7.63756452189955,4.64303087074482,1.50964025698303,2.48916235491541,14.6410436093978,,,43.7684225364311,-0.462423415216639,7675426.0,39.0035069872981,3.04010801597376,,
BEN,Bénin,2003,9.472824329687,3.44357677591658,0.336976510869505,1.48724246145441,16.7880036917867,,,41.6162305574334,0.198870349303422,7913070.0,39.4169696013044,3.04920259714654,,
BEN,Bénin,2004,9.55934768324008,4.42968455385082,1.28077994352564,0.873890830868499,14.0338387215602,,,39.9029743365096,-0.658688596039682,8159094.0,39.8525699078742,3.06173106096489,0.937376397776817,
BEN,Bénin,2005,10.8321726808344,1.71316456361184,-1.51043339492205,5.36452085832342,15.4599715800366,,,39.0959311879142,-0.133820369489742,8426144.0,40.3097749006517,3.22061199704122,1.08187139022019,
BEN,Bénin,2006,11.3154729509089,3.94373882815798,0.750089697773319,3.78217696540374,18.5348372060989,,,39.7746987128551,-0.175764667500161,8693242.0,40.7877794072449,3.12066888297415,1.6022207206447,
BEN,Bénin,2007,13.2972990668499,5.98634932177609,2.9001757042866,1.29806813334152,20.7109819579844,,,49.1137841529705,1.70386973478894,8953969.0,41.2857782552618,2.95509554727715,1.98994208646672,
BEN,Bénin,2008,14.302469687286,4.89657708429647,1.77647069609412,7.94729876067854,23.2666022946797,,,47.7753592695169,0.492562990177947,9228466.0,41.8029662723105,3.01959398464251,2.38948913926987,
BEN,Bénin,2009,15.2520997761578,2.31929213912838,-0.703743155603306,0.896072355749069,23.9524195587132,,,44.7026290629806,-0.193121764606275,9509423.0,42.338538285999,2.99903642214246,2.75907093143903,
BEN,Bénin,2010,16.0621563981947,2.11406472648392,-0.888244805144353,2.20783532536523,25.5234386493141,,,51.4308599492924,0.561144747750256,9797484.0,42.8916891239353,2.98424162798508,2.97037371813334,
BEN,Bénin,2011,16.7676976543758,2.96375291904201,-0.0571230167535077,2.7042390774728,26.1382333435945,,,47.2170288118403,1.50844050539908,10093623.0,43.4616136137276,2.97782202797765,3.1863659951021,
BEN,Bénin,2012,16.251629883211,4.811223315688,1.74647753021327,6.74468253340712,24.8831507282871,,,50.7367367791134,2.52705777310103,10397657.0,44.0475065829838,2.96766540040992,3.1762848689906,
BEN,Bénin,2013,16.5397855483466,7.19143372144946,4.076668026964,0.428888888888883,26.8619707362547,,,59.2001918331875,2.87863747120321,10708834.0,44.6502883669319,2.94885160135819,3.25134246219031,
BEN,Bénin,2014,16.5298819254946,6.35767909791932,3.26077217060734,-0.54875755094818,29.9654302622445,,,65.2682749404551,3.054209933397,11030004.0,45.2880529235999,2.9550187594558,3.35216853774094,3.40195321899452
BEN,Bénin,2015,15.8104323095811,1.77815106030278,-1.18432043750336,0.218785923536245,30.9847606493043,,,56.7563131849476,1.31501182124746,11360681.0,45.9407403257663,2.95391627666724,3.54027017089045,3.57245444517127
BEN,Bénin,2016,,3.33967342629693,0.361166139903119,-0.793310145785624,29.8320946092057,,,58.9869283378276,1.11488130998834,11697842.0,46.6094559006664,2.92460216679542,3.51180042984437,3.76152846041108
BEN,Bénin,2017,,5.67156195150444,2.67041720047298,0.0432648555103608,28.6309908502176,,,61.4765969588474,1.58170495191393,12039780.0,47.2942774880391,2.88117869411855,3.26988197996804,3.72403225496359
BEN,Bénin,2018,,6.69725362180888,3.73701554279164,0.919170717886053,27.9343009114216,,,61.7951944903448,1.36073573251591,12383347.0,47.9952829275963,2.8136418840483,3.17090657980731,4.72699962360164
BEN,Bénin,2019,,6.86568662848335,3.98211326561793,0.732849371241066,27.8216327591835,,,63.68133231423,1.51620780888962,12726755.0,48.7125500590248,2.73538842831436,3.82887027972531,4.64019223490873
BEN,Bénin,2020,,3.84879240030133,1.12020264806804,3.02272119663759,30.5466451421651,,,44.8332333768726,1.10934414138144,13070169.0,49.4461567219896,2.66259875153288,3.32739235022834,4.25243503680634
BEN,Bénin,2021,,7.1554516457574,4.41335435119757,1.73353962694035,32.7281612646488,,,48.0548608324409,1.95608661099463,13413417.0,50.1961807561354,2.59230167510348,3.37662334182,4.14038338342214
BEN,Bénin,2022,,6.25294705373625,3.58043408047179,1.35077863583527,33.4262920130361,,,44.3815928877424,2.15770537478617,13759501.0,50.9627000010887,2.54740926342667,2.90096055617268,3.96768147817339
BEN,Bénin,2023,,6.3527773854442,3.70332512754182,2.73870078406074,30.268491621815,,,44.6631308180211,2.25158090881957,14111034.0,51.7457922964593,2.52274772277722,,4.11807922679146
BEN,Bénin,2024,,7.45311566226201,4.84017869082697,1.16093089640415,28.1253915565527,,,40.6398022401523,2.5276563137227,14462724.0,52.5455354818423,2.46175361912328,,
BFA,Burkina Faso,2000,10.3363970535196,1.88847388906525,-1.10710660159205,-0.304212168486802,18.6289597846143,,,35.1229419704263,0.778458188099508,11925546.0,18.0003503329444,2.98414422391968,,
BFA,Burkina Faso,2001,9.70866810828925,6.61340574539679,3.40975770830711,5.00743290822373,16.2839927625652,,,31.6581708148511,0.196436710369704,12295001.0,18.8591452143893,3.05099351122556,,
BFA,Burkina Faso,2002,8.85871385120768,4.35296382988099,1.17736897014072,2.17569480664608,14.6847701654749,9.66138376801539,,31.3125228527966,0.414815789165315,12680897.0,19.725053583448,3.09039308299234,,
BFA,Burkina Faso,2003,11.3534781382915,7.80249388870359,4.49294688106092,2.03456574053815,22.69470571933,9.86131120448803,,30.3682364077323,0.614299394603336,13082532.0,20.563327262892,3.11812174449527,,
BFA,Burkina Faso,2004,12.9534294603704,4.47845213670386,1.24360966999572,-0.400228702115451,20.7600330070757,11.2910196598144,,35.4809436017462,0.263190384062024,13500533.0,21.3392180754924,3.14512608695879,1.10789153878612,
BFA,Burkina Faso,2005,13.2962037127745,8.66187322841225,5.29574030906821,6.41504018369684,17.9641579126181,10.4497340755746,,34.1721697681049,0.848145874654018,13932123.0,22.0179778440204,3.14680149143287,1.22927774777283,
BFA,Burkina Faso,2006,14.6778844337033,6.25316468817478,2.98889211912471,2.33310856372219,18.7747960550847,10.7784082614218,,35.1065423554549,1.28064578676022,14373707.0,22.5528306908743,3.12034537509581,1.1514147496997,
BFA,Burkina Faso,2007,12.7845581771528,4.11137901761516,1.00131276742226,-0.230627306273049,18.9952949594834,11.2791891162773,,33.7797172895073,0.284717939080865,14816307.0,22.9741760828193,3.03277637197036,1.42736180593291,
BFA,Burkina Faso,2008,15.090956904862,5.79999174105387,2.73663676272773,10.6597978997424,20.8826596935394,10.5488763462348,,35.3853169801502,0.351169723487995,15258093.0,23.3633747838557,2.93816522811728,1.59271213538053,
BFA,Burkina Faso,2009,16.0831017980888,2.96195085866692,-0.000227773519867469,2.60817666368314,24.450580568313,11.1276317273501,,40.2959836735924,0.599468939611006,15710066.0,23.7452325601116,2.91916025918168,1.74847803201639,
BFA,Burkina Faso,2010,15.6345262986983,8.44628157707625,5.31934915891263,-0.764230734676768,25.6262389906549,11.3100646526483,,49.0732385398039,0.384492219825665,16176498.0,24.115092498158,2.92577947499021,1.85983167496441,
BFA,Burkina Faso,2011,15.3703421373421,6.62256261306693,3.51633623623128,2.75976724854534,25.7564537101449,12.2194913583116,,57.4972531038508,1.19074493368624,16661908.0,24.4682976845657,2.95657078370668,2.02875713349255,
BFA,Burkina Faso,2012,16.6424591713293,6.45267237953146,3.28878346500349,3.8181524025238,26.4211963324223,13.889962428562,,61.2386079818398,2.62145990530181,17172287.0,24.8001912059054,3.0171707485343,2.07610193682024,
BFA,Burkina Faso,2013,20.82103798382,5.79258484509867,2.66508275857795,0.533738507090536,28.2873353776802,14.9486419589637,,64.0358513024234,3.64766773141753,17695409.0,25.106116148748,3.00083639274971,2.25448313364806,
BFA,Burkina Faso,2014,23.4056081561127,4.32684561452976,1.27047655599692,-0.258089517535291,30.2894261109739,13.6638275123408,,58.8235624937426,2.56255154786841,18229461.0,25.3814155996643,2.9733794200807,2.68304491781682,
BFA,Burkina Faso,2015,25.0377705622704,3.9212287937935,0.888259827767996,0.724838981070516,35.5971028843395,13.2802007024398,,59.0891813101662,1.95992715697747,18777487.0,25.621432645225,2.96196306547686,2.81612969189775,4.31741137433801
BFA,Burkina Faso,2016,25.8099456026525,5.95797670754024,2.9035090911533,0.441041448058809,36.5625742997606,14.1391533049498,,57.8931727994406,3.04380349897538,19334856.0,25.821510372001,2.92508251378454,2.79399849124081,4.65666415206802
BFA,Burkina Faso,2017,27.4216018903543,6.20348941121868,3.21640521697573,1.48299897161325,41.1011430661806,15.2607212259008,,59.2687802020168,0.0182370342122821,19894407.0,25.9769918665632,2.85291595529266,2.76985266592338,5.19922510380966
BFA,Burkina Faso,2018,27.1497137139349,6.60456906812341,3.76772678322459,1.95594302672532,42.1281649957099,15.2924120845571,45.5738610534927,60.5956256236488,1.68919942943091,20438288.0,26.0832202154822,2.69713675384815,2.74564325251039,4.05606389575398
BFA,Burkina Faso,2019,28.3478578876958,5.88920497068135,3.24391866186016,-3.23338933983321,43.1817672363833,15.6406078633915,47.0623633717549,60.4086928753226,1.0164787373679,20961952.0,26.1187254401157,2.52989803984158,2.98837702711935,5.00078121012168
BFA,Burkina Faso,2020,28.6738905255504,2.01077262406221,-0.443420002406739,1.88470066518847,46.8446169956733,13.7423701735785,73.3851925518101,60.7397786403239,-0.557279533533573,21478690.0,26.3578373628627,2.43522959287393,2.74281799797031,4.38181899675745
BFA,Burkina Faso,2021,29.4819696538483,6.94252492572348,4.43100540861892,3.65326761825508,51.1321303038172,16.019787781564,55.5822235545459,62.4203586607795,-0.405926078113797,21995243.0,26.8114307743017,2.37649218888363,2.68689281887429,4.37834040665961
BFA,Burkina Faso,2022,31.6493056662127,1.62673258211919,-0.693015914774818,14.2902354303358,49.2158648743744,17.8607653469348,63.1897248087734,67.5202901331655,3.59640793567206,22509038.0,27.2791369742712,2.30907147387783,2.73508485346058,4.42002251390191
BFA,Burkina Faso,2023,31.910243336278,3.00027415814125,0.688770925071964,0.742910428668917,45.5093725712169,18.5514879945332,61.9320439111455,63.1326851693299,0.544129932348491,23025776.0,27.7872478365158,2.26973666268599,,4.37865782982183
BFA,Burkina Faso,2024,27.1571923411989,4.79980951667159,2.47226549746027,4.19081721344523,42.3076094249926,,,60.5024222912348,0.358681465803854,23548781.0,28.3352514896662,2.24597728439097,,
CIV,Côte d'Ivoire,2000,9.76197487157275,-0.265789462275947,-2.98789209303686,2.53077516737996,13.9827905566811,,,54.9639916295152,1.41578193433815,17699004.0,43.0840065011913,2.76729583954346,,
CIV,Côte d'Ivoire,2001,9.85599693803213,-2.15401249077306,-4.73706957562547,4.36152914007256,13.9805685742207,9.53622594518063,,53.1141047180447,1.62207726789971,18178913.0,43.4670149035012,2.67539291726228,,
CIV,Côte d'Ivoire,2002,9.65018303472726,-2.73052647441901,-5.21173930372343,3.07726485157427,17.8358800206156,10.0548462063633,,55.9019482275388,1.17744492416162,18654771.0,43.859032147728,2.58396350857445,,
CIV,Côte d'Ivoire,2003,8.82684381096731,-4.72586658630681,-7.07101837658274,3.29680746974208,13.1091219082305,9.6568945061175,,53.260060681877,0.778244315036861,19125542.0,44.2593744150531,2.49227881118865,,
CIV,Côte d'Ivoire,2004,9.46911710639745,3.18503822575397,0.712925866714116,1.45798835600741,14.0168363578859,10.0128885806634,,58.1182963035946,1.20362782194335,19595000.0,44.667357886658,2.42497124712807,1.37426915328311,
CIV,Côte d'Ivoire,2005,9.3846686649656,0.996065564854788,-1.38664840401142,3.88583039886481,13.6877356540705,9.87243911760948,,62.8209360402806,1.45218108383072,20068458.0,45.082298743724,2.38748971138117,1.44500498863889,
CIV,Côte d'Ivoire,2006,9.76765137157879,2.81557859252327,0.421959618326611,2.46719148596914,14.8635624822961,10.3299160766247,,63.690377061452,1.38823180058485,20546802.0,45.5035131674326,2.35559796287643,1.55800138831063,
CIV,Côte d'Ivoire,2007,11.1273416754762,1.10142976793477,-1.22415870474471,1.89200629349597,18.8465266467747,10.6657567522302,,61.4309423484426,1.54311664780089,21030558.0,45.930317338965,2.3271214491968,1.79212223297699,
CIV,Côte d'Ivoire,2008,11.2114704667947,4.7826659787672,2.42600024388695,6.30852769152578,18.4376064652673,10.7442668136723,,61.9406212969499,1.37441880759786,21514439.0,46.3620274395029,2.27477682329573,2.39626574498031,
CIV,Côte d'Ivoire,2009,11.8211200151094,3.60332156667053,1.32618518113594,1.01950457731137,21.3064601936745,10.5012658369382,,66.6729037469185,1.17339078576713,21997940.0,46.7979596502274,2.22245214914258,2.6559774856434,
CIV,Côte d'Ivoire,2010,11.8300920796519,6.84804939907013,4.5193074547668,1.22645612135479,23.3989011667238,10.213762113664,,67.472940081257,1.02606239201511,22488065.0,47.2374301523201,2.20359114199838,4.20243919040897,
CIV,Côte d'Ivoire,2011,11.8672901891354,-5.37044724000579,-7.40424970030114,4.9124339505245,25.968099902503,7.57148126100708,,64.7159030611345,0.822954277239134,22982000.0,47.6797551269623,2.17265768049368,4.24338290757093,
CIV,Côte d'Ivoire,2012,12.435371681253,7.62041176451649,5.39583595248281,1.30451119915606,25.4036956022817,10.619351578358,,70.3010893191249,0.909737108884904,23467078.0,48.1242507553354,2.08872019159152,4.49694232273727,
CIV,Côte d'Ivoire,2013,13.3948871014618,10.7602131311256,8.5732243032672,2.58117037252935,24.8226316343292,10.6359292433206,,58.3526792527234,0.953203642314205,23939775.0,48.5702332186208,1.99427988380631,4.46128440139345,
CIV,Côte d'Ivoire,2014,14.2799210358795,9.37199994240375,6.75169825092141,0.448682076766141,24.8194590556386,10.1172575454966,,53.6804175610344,0.899528920528967,24527395.0,49.0173144557368,2.42493545476417,4.64996028933913,7.4631862643893
CIV,Côte d'Ivoire,2015,16.4825770100508,7.19494942728191,4.14232947521536,1.25149954781467,26.1100955291875,11.1757327985719,,52.7153604615931,1.07914154751206,25246342.0,49.4694894689553,2.88906178023194,4.93064810438002,6.96754694018335
CIV,Côte d'Ivoire,2016,,7.17275963956332,4.10858359182184,0.723178457513308,27.3748610620111,11.4603709076892,,47.5663138935656,1.19375800859004,25989405.0,49.929991034032,2.90076810314127,5.05109882536806,7.15025677876777
CIV,Côte d'Ivoire,2017,,7.41076242592504,4.42161228468103,0.685881065304603,28.1221296447834,11.7563706937153,,48.6596050387177,1.85673486381973,26733372.0,50.3977309654344,2.82237176165589,5.18797210369442,7.07514996702739
CIV,Côte d'Ivoire,2018,,4.84314605889178,2.05334874793748,0.401297817263547,29.9133201080609,11.6659927465613,,46.040028237159,1.05998699614336,27464173.0,50.8718477756395,2.69696827034562,5.04372449998085,8.95672271939533
CIV,Côte d'Ivoire,2019,,6.72137167584978,3.96244737490909,0.79085551205366,30.4418281948488,11.6654955006353,,44.6604105830795,1.40583048179048,28193009.0,51.3514799771241,2.61916841176218,4.99623654495892,8.17867976973993
CIV,Côte d'Ivoire,2020,,0.699728593494228,-1.81621061689408,2.41252617189052,35.9517770758951,11.7866882349007,,41.9426318190526,1.13111245703154,28915449.0,51.8357660823651,2.53019803537112,4.87074329411075,7.46074171240773
CIV,Côte d'Ivoire,2021,,7.06332910205232,4.44709198559022,4.15919657911797,38.3666069267738,12.3894127185479,,45.1140327762435,1.91282655892028,29639736.0,52.3183461956059,2.47398737434864,4.73960023535429,7.27822516352558
CIV,Côte d'Ivoire,2022,,6.39988362720531,3.75602084648943,5.23352856100842,38.1534401302454,11.8184021009685,,52.8663910413483,2.2547265327193,30395002.0,52.8492549676673,2.51622934953513,4.19885052219563,5.6733023674175
CIV,Côte d'Ivoire,2023,,6.60000045223954,3.96403768538988,4.36972254867474,35.5927908616631,13.0371915910548,,48.8170039103332,3.07641433618414,31165654.0,53.4075201638704,2.50384681190665,,
CIV,Côte d'Ivoire,2024,,6.01953461940062,3.4679130572198,3.45053028131018,37.5228109766256,,,51.2640379409119,3.58346670744132,31934230.0,53.9733113940142,2.43618201263834,,
GNB,Guinée-Bissau,2000,4.36120784367581,1.10027815777423,-0.908641384543557,8.63632094930278,23.5804716142607,,,52.7373461180145,0.179450083125325,1234741.0,36.8412054388232,2.00706384351502,,
GNB,Guinée-Bissau,2001,1.46789203143611,4.7859716500482,2.58170548418317,3.34812265527108,18.7833196997195,,,47.5832172774612,0.0958805556532383,1261273.0,37.1627839410066,2.12602969093669,,
GNB,Guinée-Bissau,2002,1.30037297900797,3.65393603642713,1.40014043705072,3.30012175283752,22.0397577912881,,,39.6760635550924,0.759522998746594,1289307.0,37.4734924367695,2.19833363261225,,
GNB,Guinée-Bissau,2003,0.82575432074718,-0.285931052286514,-2.51633136885211,-3.50258551103421,9.43269346242573,,,38.0334709318917,0.723518172893491,1318806.0,37.7773055741583,2.26219170729877,,
GNB,Guinée-Bissau,2004,0.733224043016109,1.17189152277038,-1.13385031185746,0.883302696930943,14.0017049770923,,,43.192131633446,0.329050599325975,1349563.0,38.0781980012196,2.30540545476551,1.72087420409568,
GNB,Guinée-Bissau,2005,0.999029820796767,6.55977111846077,4.08995783100083,3.32919922802856,15.1067439123063,,,45.7842315450716,1.35867358840187,1381585.0,38.3801443659997,2.34505544706955,1.80715348799985,
GNB,Guinée-Bissau,2006,1.90847330227757,2.66650493269572,0.220591080099751,1.95473717628916,16.0297457248346,,,48.7605033860226,2.81783767413937,1415303.0,38.6871193165452,2.41122516333709,1.88838867571079,
GNB,Guinée-Bissau,2007,2.90410914550379,2.55982647078751,0.0376503174978779,4.61743772241997,18.6695106273411,,,46.2445284700147,2.49217201872461,1450986.0,39.0030975009025,2.48996828898925,1.96292284118359,
GNB,Guinée-Bissau,2008,4.38257204359193,4.52457514610252,1.92082759963192,10.4600731354706,20.5487991421485,,,45.1388893744724,0.695948347275502,1488054.0,39.3320535671181,2.52259007377628,1.91139718355625,
GNB,Guinée-Bissau,2009,5.2718555129906,2.44795106098685,-0.124226604498276,-1.65139733620775,22.3638014224458,,,43.5957474099206,2.12209420424558,1526377.0,39.6716434222135,2.54277273891846,1.85994173732508,
GNB,Guinée-Bissau,2010,5.53699226253637,5.60536311358261,2.91052833964689,2.51785140171701,24.0611595441454,,,43.5145876385454,2.79117647230681,1566347.0,40.0095596313477,2.58492032110101,1.9216639348895,1.4695077149155
GNB,Guinée-Bissau,2011,9.92352989301928,8.08504167173554,5.28027330014127,5.046102263202,29.8702392273268,,,48.6174602066373,2.16270009395862,1608076.0,40.4391136169434,2.62922766462762,2.30700020763002,1.42814298567573
GNB,Guinée-Bissau,2012,11.9869192474947,-1.71286958446419,-4.29238918450449,2.13054580274503,28.7606814774351,,,44.1280665609795,0.631297914892102,1651417.0,40.8686027526855,2.65952739224803,2.4541265070204,2.02732189710381
GNB,Guinée-Bissau,2013,12.1446467890772,3.25607190852087,0.543365078897963,1.20712555668405,29.5202357738202,,,39.9574617805787,1.76984840814073,1695973.0,41.2976379394531,2.66229101877146,2.69361385594968,3.93682025100337
GNB,Guinée-Bissau,2014,10.8984511721867,0.964525745841428,-1.65358336592615,-1.50924460570494,42.9431625298517,,,46.8696583055238,2.54152912247103,1741122.0,41.7271995544434,2.62731155689981,2.61529687140082,4.22471033072441
GNB,Guinée-Bissau,2015,9.18538447651045,6.1340893623123,3.4407197814937,1.47672048910485,44.9387451635836,,,54.3703755891285,1.61191900956541,1786457.0,42.1568145751953,2.57045957815277,3.22270345757018,4.00396490182962
GNB,Guinée-Bissau,2016,,5.4326782650304,2.81765698941554,1.50312055861088,45.3705593034327,,,54.3006730474711,1.92748272635559,1831893.0,42.586109161377,2.51155296505032,3.12841577972919,4.8348243868542
GNB,Guinée-Bissau,2017,,4.66367943913264,2.14454305364472,1.69111461822298,40.3241926894459,9.48153396321025,,56.9137475938811,1.06744396733032,1877072.0,43.0155792236328,2.4363257519627,3.03607966673045,5.06013277788409
GNB,Guinée-Bissau,2018,,3.76145359637003,1.32710524004433,0.381324702790992,42.2862285544659,8.85787789138106,,55.0195890357005,1.32316927565873,1922168.0,43.4449081420898,2.37405997248475,2.94561589704269,5.177143091772
GNB,Guinée-Bissau,2019,,5.32749571119344,2.89045755858285,0.24660026814783,39.1292243634601,8.53385076082132,,49.9435101361017,4.48925285290298,1967696.0,43.8745574951172,2.34095994762157,3.63714774873544,5.97531415863679
GNB,Guinée-Bissau,2020,,2.89139814952995,0.563014905333631,1.14000939393222,40.6793996659482,6.94566461324402,,42.8853856881523,1.23102714227173,2013255.0,44.3038330078125,2.28895000835492,3.53037000799377,6.13611929960821
GNB,Guinée-Bissau,2021,,5.05055831244401,2.72457259949626,2.24248879577658,45.6143384289765,8.7880544582801,,44.8094556831993,0.971111377767191,2058841.0,44.7334136962891,2.23903878745423,3.42899410457942,6.53141734205604
GNB,Guinée-Bissau,2022,,5.52987253058352,3.18985313939591,9.39075933985203,43.0681301823391,8.69743381087789,,45.7584952252858,1.16465840634171,2105529.0,45.1627159118652,2.24235388639993,3.33083520692814,7.45472641550583
GNB,Guinée-Bissau,2023,,5.82749502627256,3.47783594462953,7.10220928557059,38.2841991561403,8.641917170245,,40.4745452891609,1.18124925655384,2153339.0,45.5923843383789,2.24529187264064,,7.0863151700292
GNB,Guinée-Bissau,2024,,4.14631137217332,1.87480874655408,3.76555825770114,39.0218235800142,8.22667445922341,,38.8065847890015,1.20132689112583,2201352.0,46.113204421822,2.20520563612008,,
MLI,Mali,2000,11.3752727249383,-0.736019991927179,-3.58595570295952,-0.677661659046769,16.3313916598188,9.06977239350742,,44.6657609790519,1.71320201228336,11559290.0,18.977631037325,2.91308874187569,,
MLI,Mali,2001,11.3705578766477,15.8060317406145,12.3755665966627,5.18701191944068,16.2783277563227,8.90191656767101,,49.3239069915403,5.06751221772987,11912158.0,19.3181950112665,3.00701165563643,,
MLI,Mali,2002,12.764998909181,3.03627540842406,-0.11560887230587,5.03282275711194,19.1631551064427,9.396236319361,,46.3529227419891,-0.26620339911262,12288050.0,19.6792980362731,3.10676861781848,,
MLI,Mali,2003,14.8509178808611,9.79712256129343,6.36163328047297,-1.34672619047621,23.1088409631996,10.737283000505,,46.8915346664625,1.29366756461829,12684955.0,20.0594231247985,3.17894001404545,,
MLI,Mali,2004,15.073686770617,1.47732490222614,-1.75582979396248,-3.09978128063957,21.17330975387,11.5101973789126,,44.0120986422566,1.3104512944739,13102409.0,20.4570532892964,3.23794608826987,2.35397599704773,
MLI,Mali,2005,12.3105019522549,2.53837834867178,-0.765580835290066,6.39788293897883,20.660796726683,11.1849275837918,,44.9124085077551,2.15749775651619,13538647.0,20.8706715422205,3.27522299158149,2.39454101324507,
MLI,Mali,2006,13.408075078041,3.6896026526873,0.343315236896274,1.54352596927582,20.7191061746016,11.1982873369631,,49.0190773449704,1.8062250031959,13990139.0,21.2987608960246,3.2804387949943,2.54152997356809,
MLI,Mali,2007,13.3195222263467,1.76004607889122,-1.5313774567599,1.41200201714577,18.9081406499771,10.9794923411068,,46.8977916240376,2.12739780758978,14457775.0,21.7398043631622,3.28796078422057,2.86404320309263,
MLI,Mali,2008,13.129688341769,3.63871070955426,0.28826876189116,9.17098813667678,14.9292811872479,10.1603761011566,,53.6430193090625,2.33379628946697,14940782.0,22.1922849560871,3.2862188900418,2.75296483326533,
MLI,Mali,2009,12.9573836761373,5.45473562577585,2.07458358612229,2.46375188572299,18.9761159067928,10.9208418582829,,40.5413815805662,5.34101259306611,15435539.0,22.6557955217884,3.25780569403424,3.09978716886398,
MLI,Mali,2010,13.3827178765249,5.57678859838062,2.20222024869554,1.10892690670186,20.06510953351,10.8423156054931,,48.8166953660615,2.92612695500016,15945198.0,23.1359461824894,3.2485140091385,3.52370398106613,2.62144067795577
MLI,Mali,2011,14.4095660038439,2.93537897086446,-0.338811373050731,2.95564395229392,19.5679593031086,10.5499687208031,,43.1814699132908,3.60372353519049,16469049.0,23.6379674039304,3.23250831038309,4.10084669446867,3.11711757411925
MLI,Mali,2012,14.5516666992624,-1.07239924132972,-3.91930567411303,5.32312847064058,21.785608575807,10.9251185657684,,49.4252356223808,2.68901249459022,16957033.0,24.1606168848588,2.91998728475051,4.65510047895426,3.2655182464306
MLI,Mali,2013,15.8426338045436,3.29068742019345,0.317423676118025,-0.606736356351563,22.8931854315369,10.9601470024114,,54.6032439863007,1.95552894419919,17459615.0,24.7033626854883,2.92078257453733,4.89431058435921,3.87701739130533
MLI,Mali,2014,17.2888124039355,6.50263878409685,3.18909645758293,0.883814547137841,22.3335812572061,10.6352635051305,,51.078682187569,0.844265987943503,18020267.0,25.2656728660325,3.16065691731413,5.45263568560256,3.88376867747144
MLI,Mali,2015,18.9673914754207,6.23887890197454,2.96620762317433,1.45069057605961,22.5706862873155,11.8533619936548,,53.5751760102265,1.7680955706499,18593022.0,25.847015486705,3.1289280097663,5.8529131012671,4.19281411254407
MLI,Mali,2016,,6.00506308559498,2.70047363998611,-1.79964707083386,23.2084651743195,12.8969929658629,,53.6126193604252,2.129006916198,19191289.0,26.4468586077195,3.16701291267986,5.87374538859463,4.50320479792254
MLI,Mali,2017,,5.37554769639952,2.06891771144161,1.75985742927165,22.5991378938498,13.3300422900318,,49.4919984941972,3.0627942747803,19813011.0,27.0646702892896,3.18823649379751,4.9725072168618,4.57390944396706
MLI,Mali,2018,,4.86784999991505,1.64097526491582,0.299546507387843,23.8918149330587,9.78065544204356,,50.6998462523276,2.29426079238045,20442030.0,27.6999185916288,3.1254232369578,4.84631263533906,5.05827859553281
MLI,Mali,2019,,4.99999911608818,1.87829272937594,-1.65826694846365,23.5120808091334,12.2370535462025,,53.9987132798636,4.19531107984596,21068405.0,28.3520715749509,3.01814494306617,4.78725405715125,5.12254811562876
MLI,Mali,2020,,-1.16910834828603,-4.1067984565496,0.438088940320669,26.5812701285786,11.9520024969323,,56.0415474422019,2.5936673302322,21713836.0,29.0205972994693,3.01751361469378,4.50551642481066,4.78430087425004
MLI,Mali,2021,,3.10094124444834,-0.00652431043852175,3.92560283104277,33.8720249942233,,,56.7150525565465,2.78245724174957,22388630.0,29.7049638253978,3.06035796580474,4.40841041398445,4.62535974538132
MLI,Mali,2022,,3.70319027595568,0.628812173551424,9.62147608489064,34.0202429842706,,,61.5613274861987,3.17422530916772,23072640.0,30.4015705681899,3.00942592606239,4.10663919520599,4.45025594419261
MLI,Mali,2023,,4.72541109080376,1.65672929216636,2.05880228274223,31.419677498531,,,57.5332621823016,2.83131972701562,23769127.0,31.0031889023235,2.97400537620334,,4.3555293971923
MLI,Mali,2024,,4.99226917482922,1.94925730152001,3.2063986409966,29.632328043945,,,49.8960414309506,3.43740692659041,24478595.0,31.6075621182225,2.94115084753028,,
NER,Niger,2000,3.85940427520443,-1.20847774100575,-4.57504226731116,2.90014973599108,6.55900248161089,,,34.7127807043604,0.703342920154778,11509630.0,16.1307678222656,3.46716382832898,,
NER,Niger,2001,3.68070622097396,7.26813490213235,3.56959177749576,4.00551428352678,8.65316407136481,,,33.0136670843015,0.922420853977935,11920647.0,16.2687225341797,3.50878624306039,,
NER,Niger,2002,3.9275270408343,4.91847057594622,1.27795509678579,2.62886597938136,6.55623913237211,,,30.8343857497549,0.281340736477619,12349144.0,16.2687206268311,3.53148102432579,,
NER,Niger,2003,4.21832710859197,2.1706103837418,-1.40492633289823,-1.61440769175596,9.29998206502217,,,33.3827931416238,0.5459244666531,12796984.0,16.2687225341797,3.5622769230714,,
NER,Niger,2004,5.09600231968836,0.363801578722132,-3.18333778722413,0.262543757292838,10.0499920012607,,,36.9641044464896,0.649159742962507,13265836.0,16.2687225341797,3.59824904350361,0.503753104558419,
NER,Niger,2005,5.24593923345189,7.33186884258517,3.50589535528762,7.7974978178644,9.03431721674152,,,38.3477418070736,1.13506754317922,13756192.0,16.2687225341797,3.62970414217364,0.655411256618608,
NER,Niger,2006,6.42414315581052,5.93104997350342,2.12703436992842,0.0404858299595074,9.38447095955683,,,36.5313731842429,0.847497530197073,14268581.0,16.2675724894628,3.65709371425878,0.72921612507515,
NER,Niger,2007,6.9960725875065,3.14272408386731,-0.585038841788489,0.0539592607581562,12.4275915436328,,,35.5028028471007,1.72858641411291,14803610.0,16.2641887037781,3.68110827846052,0.888783512856711,
NER,Niger,2008,8.06834975558649,7.73141422777337,3.81608288917157,11.3051098827019,11.4575177298271,,,39.7112440540383,3.87903143663185,15361915.0,16.2586706998252,3.70203244818704,1.03667870393923,
NER,Niger,2009,8.9913724864135,1.96260090694645,-1.75785643451498,0.582906590801122,13.0168749118406,,,49.5122567031625,8.62089060209857,15943675.0,16.2511180003032,3.71708044318123,1.08753243046147,
NER,Niger,2010,8.93623100734286,8.57816674262253,4.60766589552573,0.804073080882659,14.205804307023,,,51.9459863027627,10.146689915564,16548835.0,16.2416301279116,3.72535077368531,1.17994879966169,
NER,Niger,2011,9.7383534244859,2.35775693603874,-1.38136228282855,2.9423851401332,14.2614748664628,,,50.2463951569345,12.1645061403035,17176283.0,16.2303066053496,3.72138303234104,1.21802901504482,
NER,Niger,2012,10.3883049343752,10.5489445763446,6.45537638540985,0.455089820359289,16.1356657877984,,,45.08596447308,8.92367913404553,17836769.0,16.2141284004355,3.77324639644684,1.50177752360833,
NER,Niger,2013,10.2922868639721,5.31513063394726,1.43045373805732,2.29723114955317,16.8763642171311,,,46.2951491493291,7.03516563238375,18519898.0,16.2162595696064,3.75837207594511,1.60359001604856,
NER,Niger,2014,10.6941382168662,6.64213665495603,2.77949866185601,-0.930287259984466,19.8483487928947,,,45.7416008365932,7.57591181433667,19215909.0,16.2450424611665,3.6892808045974,1.61505171314325,1.29000985892574
NER,Niger,2015,11.3371268437732,4.39264883207291,0.604320140159473,-0.576090369833189,19.4475087953013,,,44.727430371186,5.46761764113716,19939498.0,16.3035606587493,3.69640590007582,1.66071787754003,1.4751082324032
NER,Niger,2016,,5.74089315058157,1.92620628769158,1.65388922387806,19.6343271366592,,,36.4881092245519,2.89774478323805,20685753.0,16.3898280543236,3.67426137513091,1.62426154779545,1.58670636749959
NER,Niger,2017,,5.00536078615544,1.33285572403285,2.79637318871284,17.7130175806106,,,39.0711117370149,3.02823024727599,21435446.0,16.5036987906896,3.56007044831691,1.63442927987046,1.70666924804152
NER,Niger,2018,,7.21141802762897,3.57478885227313,2.96760366004456,15.7943154668168,,,37.5388483992356,3.63037399478134,22188069.0,16.6449011799221,3.45088050525461,1.59009739476879,1.78994570121513
NER,Niger,2019,,5.93985257123522,2.43270218960372,-2.48979265070855,17.157756560352,,,37.1025664250801,5.56378872795104,22947757.0,16.813146499685,3.36654855482346,1.59707956859453,1.78103637754258
NER,Niger,2020,,3.55064109436891,0.189464640804786,2.8981937602627,19.1657515289364,,,35.5129906570841,2.62395545283651,23717613.0,17.0081420003794,3.29977391625444,1.56165741438314,1.83534995092451
NER,Niger,2021,,1.38359636198477,-1.86257596023195,3.8378680284051,20.1159875168403,,,37.0158935503713,3.98812628006033,24502140.0,17.2295936666686,3.25425239869281,1.58103146647876,1.86778717363422
NER,Niger,2022,,11.9000000000277,8.3198637261773,4.22621791916392,19.3426895962244,,,52.8061484327332,6.25880834283465,25311973.0,17.477207007512,3.25170642220024,1.58877765041864,1.90205775050119
NER,Niger,2023,,1.66763406484279,-1.62761880925538,3.70097316425834,18.2141053685118,,,46.4755580630668,6.14147869426916,26159867.0,17.7506873295237,3.29489175812772,,1.93695359525489
NER,Niger,2024,,10.3000000007793,6.73976595652603,9.07151997725013,16.3669772150016,,,49.9759837351389,1.80157547660986,27032412.0,18.0497398450803,3.28101480132484,,
SEN,Sénégal,2000,14.5755223435769,3.88721095816793,1.41335705319622,0.731981981981597,18.5016786342501,,,48.680089723263,1.35774452423374,9968260.0,40.6667555531967,2.41009917724256,,
SEN,Sénégal,2001,13.752032281005,4.31085146618369,1.81176865944212,2.97450083919566,15.1480350117526,,,49.7205780648314,0.692757272925303,10212942.0,40.8763420163126,2.42496943712898,,
SEN,Sénégal,2002,14.1466400993904,0.0686965747419066,-2.35286664944574,2.33730187454299,15.9389697692296,,,53.1442994641329,1.18024440779397,10466214.0,41.1081471561292,2.44966153599012,,
SEN,Sénégal,2003,15.428954100836,5.59395094456143,3.08280432027999,-0.0519970242714495,20.2692369214428,,,50.8212198933376,0.986458285223565,10721176.0,41.35893934855,2.40684962152091,,
SEN,Sénégal,2004,16.1254394520887,4.64329393683312,2.21660237161285,0.514781781023016,22.2623574933595,,,53.6592031275529,1.36534663159615,10975704.0,41.6248193895895,2.34632515714346,2.01614635768287,
SEN,Sénégal,2005,18.3813163760431,4.31023852639633,1.8985497213755,1.71133325855502,22.2803429082051,,,54.9032435689485,1.52551294776184,11235472.0,41.9057599695838,2.33918136359556,2.5566264622416,
SEN,Sénégal,2006,18.1839986481957,2.33077098330239,-0.0239030984175912,2.11228583877117,23.7553734685048,,,54.1362378092613,2.47770837743402,11500094.0,42.2046413043069,2.32792929230269,2.97284509411715,
SEN,Sénégal,2007,18.3671939849098,2.82711920133374,0.466183194352098,5.85330428467681,24.4766407245979,,,59.2713043549794,2.51145667497291,11770344.0,42.524343609533,2.32279384441662,3.15247373243143,
SEN,Sénégal,2008,19.1509081902473,3.70316906391386,1.30518111750766,7.34720236578406,23.8672279723791,,,62.7617698176319,2.70404739796078,12048959.0,42.867747101036,2.3395118470328,3.82480439016385,
SEN,Sénégal,2009,19.648803881895,2.75210448455053,0.349911484355829,-2.2480214785534,26.7483586125725,,,52.3072908773365,2.05299535843601,12337389.0,43.23773199459,2.36561415953051,4.01256944595798,
SEN,Sénégal,2010,20.6473949679879,3.39088925336209,0.952269607225944,1.22868119673344,28.3706697951764,,,52.4578551962948,1.68778336701059,12635413.0,43.6371785059692,2.38690195279185,4.27251566565654,
SEN,Sénégal,2011,23.2639770821587,1.33409107961258,-1.19544188286081,3.40322829786971,28.9785549517304,,,57.5768785989578,1.90106996405963,12958897.0,44.0689668509475,2.52791519909846,4.58393283648975,
SEN,Sénégal,2012,23.7418545535743,4.00299555090457,1.2557464643975,1.41822871177854,28.6514378487428,,,61.9753040040375,1.56368019565039,13310495.0,44.5359772452989,2.67702425205872,4.82200346784636,
SEN,Sénégal,2013,25.83777854403,2.41238527605579,-0.578035528287558,0.710245486695176,29.8712969116485,,,60.6267663596737,1.64581763022307,13710849.0,45.0398750539456,2.96345954605318,4.7455589477514,
SEN,Sénégal,2014,26.2683021520426,6.22407443790986,2.91207940579723,-1.09025507446895,31.7289742482633,,,58.4425289760992,2.03613121185767,14152102.0,45.6020905341588,3.16757470346908,4.80460515729596,5.46035179293741
SEN,Sénégal,2015,26.0270900638997,6.36704365066983,3.15103873013858,0.135211933635165,35.2898272065166,15.7743360472944,,58.1103376742017,2.30194934655844,14593331.0,46.2747669629858,3.07014792428801,5.14492015083926,5.42666577814712
SEN,Sénégal,2016,,6.35606857181878,3.23503572393487,0.837284942557434,37.3774839589517,16.3711764463022,,54.1081692072139,2.48110320660753,15034521.0,47.0553579909929,2.97843134010735,5.18364303817123,5.73054115687736
SEN,Sénégal,2017,,7.4074861863013,4.3502357301897,1.31815314847789,37.7934171890201,15.9064516552729,,57.7052798455617,2.80185380597297,15475002.0,47.9338349639053,2.88769908740551,5.81172836765732,5.81172836765731
SEN,Sénégal,2018,,6.20924103389086,3.27615846996514,0.460985642464188,40.962835245707,16.3782524667298,,61.7898394793183,3.6676580901097,15914498.0,48.9001692274485,2.8004569855314,5.65705965268784,6.27195744102347
SEN,Sénégal,2019,,4.61362809749708,1.80892290260792,1.76011151192939,41.5089482482083,18.4192836371669,,64.2362506061005,4.55247618583033,16352922.0,49.9443321273477,2.71760793051867,5.25627767538573,6.05826643410437
SEN,Sénégal,2020,,1.3420737726679,-1.29147593329481,2.54314685681662,45.2871838642949,17.4488278981927,,60.0468716137065,7.52395708111684,16789219.0,51.0562950093282,2.63303572524896,5.2718649285195,6.73160442067927
SEN,Sénégal,2021,,6.54400109964304,3.8734325976821,2.18032278088147,48.3267949687929,17.5501329724803,,69.3759939883832,9.40426405095026,17220867.0,52.2260292191155,2.53848919398481,5.65678188120555,6.89801819326863
SEN,Sénégal,2022,,3.85043193735768,1.31913435017567,9.69681899081073,51.73675957722,18.5924841956883,,79.5998216515832,10.5411241953817,17651103.0,53.4435061024348,2.46764281803509,5.51350072873882,7.20009934164461
SEN,Sénégal,2023,,4.2574308328029,1.79788238969797,5.93947798773215,52.7813402201519,19.5370790023371,,71.3930249127445,15.6044600024418,18077573.0,54.6992276190794,2.38738348832592,,7.08690651461729
SEN,Sénégal,2024,,6.06055141198976,3.62766288039693,0.804503298792438,51.3067689020466,,,68.1405147656211,6.1461393599949,18501984.0,55.2368169057304,2.32058603495657,,
TGO,Togo,2000,9.88050671150411,-0.783479610048047,-3.48137743099034,1.86260595463067,16.476373040413,,,48.8080041114183,2.50698256954936,5140037.0,33.0994844063309,2.75685668978126,,
TGO,Togo,2001,8.97413221259863,0.823438752111855,-1.80051289577126,3.91959133653146,14.6216761361513,,,51.3941520650307,3.46872208576776,5277382.0,33.5503635916513,2.63698635340958,,
TGO,Togo,2002,7.65446764490698,3.82662257675142,1.22021333251216,3.05981857535884,13.0486365456219,,,51.609565282441,2.39840389095673,5413274.0,34.0011370438307,2.54239439953807,,
TGO,Togo,2003,9.63908706341775,6.72017142336034,4.05045980094252,-0.930000884072214,14.2615594235253,,,55.389978417259,1.53192291487705,5552167.0,34.4513989657696,2.53342165886308,,
TGO,Togo,2004,10.3614205998067,-0.978665332738743,-3.48771797818526,0.393078681031669,17.424819777661,9.30912880542097,,57.8710938708872,2.50559738999836,5696508.0,34.9007435603688,2.56650535233,1.15455244710512,
TGO,Togo,2005,11.4978626483456,-4.66629938413338,-7.08238240739422,6.78292893028314,17.7126352177805,9.11892325570286,,61.4542800128481,2.97971035930976,5844631.0,35.3487650305291,2.56701065239466,1.18347145557885,
TGO,Togo,2006,11.3215580211576,2.65013209943473,-0.185446239510938,2.22897779414027,21.4853785656598,9.83282482642317,,61.6128604620733,2.75216144371014,6010668.0,35.795057579151,2.80124284070489,1.55950925480469,
TGO,Togo,2007,14.1730841360379,-1.1751368996605,-4.01253675594127,0.945673271705214,22.9092040747066,10.8835244768274,,61.7740721086659,1.65977178667302,6188344.0,36.2392154091353,2.91316321758797,2.82228418577244,
TGO,Togo,2008,11.9120189054171,4.03561315398862,1.08763807878243,8.69482814363902,25.2118931519205,10.3419113744916,,62.3076674472105,1.11146694137374,6368812.0,36.6808327233827,2.87454303428326,3.70614066020747,
TGO,Togo,2009,13.2847204428567,5.45381096920332,2.50752980203251,3.71360592035809,26.5245076810789,10.3162178596308,,62.210419994299,0.980635149082811,6551865.0,37.1195037247939,2.83367889670304,3.86840648248216,
TGO,Togo,2010,15.2761077886382,5.85433399076879,3.0128532960463,1.44594517430864,28.777086477994,10.507793254332,,66.7974885937104,2.63493273204289,6732590.0,37.5545882975638,2.72101716624637,4.05324976491151,
TGO,Togo,2011,19.8029168201049,5.82325622135289,3.00979901078473,3.5635147290396,31.016051110591,11.4052385672697,,77.732312664143,13.4388023170829,6916474.0,37.9872305648732,2.69461885935872,4.27698792107328,
TGO,Togo,2012,21.7734462455109,6.30271426865185,3.54419025979273,2.57718174055848,31.5797942911627,11.3616620345372,,75.7132085684163,2.24458540176674,7100736.0,38.4194359598204,2.62923384476283,4.31310783215764,
TGO,Togo,2013,23.2207771684493,5.82425069283059,3.14131477096478,1.82539475909162,34.3200096510378,12.1000763248412,,82.1477877564195,3.04894540679557,7285442.0,38.8516767884103,2.56796697750519,4.41626508015762,
TGO,Togo,2014,24.1570813743013,5.63323739145223,2.98962512799103,0.19087507624975,33.5058710075629,13.1664000700405,,70.9156517502517,0.844950465027458,7472450.0,39.2839506458368,2.53448135308774,4.74424302549303,4.60332491582492
TGO,Togo,2015,26.0370047967875,5.4680413807304,2.84283067512166,2.58500390801595,37.542869029837,13.7687186077561,,69.1281378813376,4.48026975109969,7663195.0,39.7162551272934,2.52060746648904,5.11886507448634,5.21027337938788
TGO,Togo,2016,,4.21490387414525,1.62761006802251,1.28544847051417,39.905362783897,13.8673821156382,,66.4450409805081,-0.76275824996834,7858289.0,40.1485878279739,2.51398996486491,5.49123913924048,5.73578825070463
TGO,Togo,2017,,4.00791259566937,1.44098718199137,-0.981889868943119,42.5644347918769,13.05865998156,,58.2088602526732,1.38645400988561,8057140.0,40.5809463430719,2.49897565726694,5.42787201467039,5.29812208603285
TGO,Togo,2018,,4.79518333086139,2.23660975297031,0.927755426457183,44.2081189839648,12.859589627012,,57.5737388499452,-2.57457902571647,8258778.0,41.013328267781,2.47179798610782,5.04827836880029,5.55310620568032
TGO,Togo,2019,,4.92283321360694,2.39010092347198,0.674652770077525,44.0377716239459,13.5836337317592,,56.3421740349757,4.9437244573784,8463068.0,41.445731197295,2.44351209316794,5.32043441756284,6.0571099523023
TGO,Togo,2020,,2.16228657424364,-0.272860217710488,1.69928463299399,46.7243573405819,12.7192270527961,,55.0659513954403,-0.79089727996859,8669720.0,41.8781527268075,2.41247393684318,5.41453220631438,6.38994425818719
TGO,Togo,2021,,5.12890113701732,2.65816955613427,4.1862150652352,47.7241810691259,13.8708614440327,,56.3775580757321,-1.59478801736582,8878379.0,42.3105904515122,2.37825002957617,4.97539213640241,6.42735482212295
TGO,Togo,2022,,6.29443692019429,3.82282707918289,7.96757361617945,48.3521712094931,13.4049128202074,,61.575092396894,-2.00429827129667,9089738.0,42.7332327975627,2.35270895960531,4.93154934222167,7.07733798731048
TGO,Togo,2023,,6.19211576941919,3.74285776726366,5.48928568141131,46.7211948278132,13.7896420900126,,,0.812296154474204,9304337.0,43.2496853032436,2.33345506489111,,6.97230749523055
TGO,Togo,2024,,6.53204505563791,4.17083175833358,2.86262074089801,46.8029204638439,,,,0.786342441379874,9515236.0,43.8148491605996,2.2413667842624,,
